{"loss": [1.6094365119934082, 1.1608942747116089, 0.9404691457748413, 0.775969386100769, 0.5886295437812805, 0.46926507353782654, 0.379585325717926, 0.27255481481552124, 0.19306732714176178, 0.16758814454078674, 0.12800005078315735, 0.13347598910331726, 0.08028022944927216, 0.09682577848434448, 0.05714181065559387, 0.11241041123867035, 0.06947752088308334, 0.07482552528381348, 0.05448029190301895, 0.03000442311167717, 0.05101848766207695, 0.05193154513835907, 0.05604690685868263, 0.05265551432967186, 0.026313787326216698, 0.025922326371073723, 0.02711459808051586, 0.07519496232271194, 0.02923334576189518, 0.019967133179306984, 0.04265672340989113, 0.044312484562397, 0.0494038350880146, 0.03408369794487953, 0.05626784637570381, 0.050408005714416504, 0.036817438900470734, 0.007637560833245516, 0.0114921685308218, 0.010978546924889088, 0.002769037149846554, 0.02710430510342121, 0.05380432680249214, 0.029736224561929703, 0.04273195564746857, 0.04947912320494652, 0.015022274106740952, 0.02148774079978466, 0.02481011673808098, 0.021668046712875366], "accuracy": [0.4221724569797516, 0.5827867388725281, 0.6653335690498352, 0.7318828701972961, 0.799712061882019, 0.8408254384994507, 0.8726603984832764, 0.9100943803787231, 0.9347304701805115, 0.9433690905570984, 0.9590465426445007, 0.9550471901893616, 0.9728043675422668, 0.9678451418876648, 0.9811230301856995, 0.9652855396270752, 0.9779235124588013, 0.9784034490585327, 0.9838426113128662, 0.9904015064239502, 0.9827227592468262, 0.98448246717453, 0.9835226535797119, 0.9841625094413757, 0.9928011298179626, 0.9928011298179626, 0.9920012950897217, 0.976803719997406, 0.9910414218902588, 0.9948807954788208, 0.9872020483016968, 0.9894416928291321, 0.98448246717453, 0.9905614852905273, 0.9841625094413757, 0.9865621328353882, 0.9892817139625549, 0.9982402920722961, 0.9971204400062561, 0.9964805841445923, 0.9995200634002686, 0.9924812316894531, 0.982562780380249, 0.9910414218902588, 0.9905614852905273, 0.986402153968811, 0.9960006475448608, 0.9934410452842712, 0.9929611086845398, 0.992321252822876], "val_loss": [1.2025046348571777, 0.9827684164047241, 0.9464091658592224, 0.7584859728813171, 0.705058753490448, 0.6029543876647949, 0.5284277200698853, 0.48887285590171814, 0.48368799686431885, 0.5425125360488892, 0.5564608573913574, 0.440349817276001, 0.6080657839775085, 0.43474942445755005, 0.5823275446891785, 0.5687301754951477, 0.5029138922691345, 0.459367960691452, 0.49945661425590515, 0.4836795926094055, 0.42905184626579285, 0.53847336769104, 0.5698033571243286, 0.5028640031814575, 0.4872128665447235, 0.5710160732269287, 1.108973741531372, 0.5430118441581726, 0.5067498683929443, 0.5858637690544128, 0.533004105091095, 0.45368415117263794, 0.49568817019462585, 0.6078374981880188, 0.6574075818061829, 0.5845005512237549, 0.458587110042572, 0.4662865400314331, 0.5530334115028381, 0.5299911499023438, 0.49763786792755127, 0.5767765045166016, 0.5794159173965454, 0.5820302963256836, 0.5503571033477783, 0.4947296977043152, 0.5943102240562439, 0.5237451791763306, 0.7526431679725647, 0.5384662747383118], "val_accuracy": [0.5617402195930481, 0.6506717801094055, 0.6660268902778625, 0.7364043593406677, 0.7594369649887085, 0.8163787722587585, 0.8298144340515137, 0.8515675067901611, 0.8624440431594849, 0.8554062843322754, 0.8592450618743896, 0.8880358338356018, 0.8598848581314087, 0.8931542038917542, 0.8688419461250305, 0.8586052656173706, 0.8803582787513733, 0.8790786862373352, 0.8854766488075256, 0.8989123702049255, 0.8963531851768494, 0.8925144076347351, 0.8746001124382019, 0.8918746113777161, 0.9021113514900208, 0.8950735926628113, 0.8106206059455872, 0.8803582787513733, 0.9001919627189636, 0.8797184824943542, 0.8963531851768494, 0.8944337964057922, 0.891234815120697, 0.890595018863678, 0.87587970495224, 0.8739603161811829, 0.9059500694274902, 0.9117082357406616, 0.8918746113777161, 0.9040306806564331, 0.9136276245117188, 0.8714011311531067, 0.8816378712654114, 0.8873960375785828, 0.9065898656845093, 0.8918746113777161, 0.8797184824943542, 0.8995521664619446, 0.876519501209259, 0.9027511477470398]}